Name,Website
"Diseño de oficinas office deco, s.l.",https://www.officedeco.es/solicitud-de-visita/
Vía Office - Material de oficina y mobiliario - Material escolar y mobiliario educativo,https://viaoffice.es/
Triángulo 2000,https://www.t2000.es/content/14-sala-demo-sillas-teletrabajo
Folder Papelerías,http://www.folder.es/
Koff / MillerKnoll Associated Dealer en España,https://koff.es/
Officestore,http://www.officestore.es/
Papelería Rey,http://www.papeleriarey.com/
CARLIN ACACIAS,https://www.carlinacacias.es/
Quality Office Supplies S.L.,http://www.qualitywebshop.com/
Ofipapel Center,http://www.ofipapel.es/
Folder,https://folder.es/
YZ SUMINISTROS S.L,https://business.google.com/create?fp=6330955336324395058&hl=es&authuser=0&gmbsrc=es-es-et-ip-z-gmb-s-z-l~mrc%7Cclaimbz%7Cu&ppsrc=GMBMI&utm_campaign=es-es-et-ip-z-gmb-s-z-l~mrc%7Cclaimbz%7Cu&utm_source=gmb_mrc81&utm_medium=et&getstarted&lis=0
Equipos de Oficina de Madrid 4,https://business.google.com/create?fp=12843967920587923499&hl=es&authuser=0&gmbsrc=es-es-et-ip-z-gmb-s-z-l~mrc%7Cclaimbz%7Cu&ppsrc=GMBMI&utm_campaign=es-es-et-ip-z-gmb-s-z-l~mrc%7Cclaimbz%7Cu&utm_source=gmb_mrc81&utm_medium=et&getstarted&lis=0
Folder Papelerías Cea Bermúdez,http://www.folder.es/
Comercial Zarabanda,http://www.zarabanda.es/
CARLIN,https://www.carlinacacias.es/
Folder Papelerías -Castellana,http://www.folder.es/
HiperOffice elcarmen,https://www.hiperoffice.es/
LambdaTres Muebles de Oficina,https://lambdatres.com/showroom/
Papelarium,http://www.papelarium.es/
MilHojas Ecopapelería,https://milhojaseco.es/
Workcenter Hortaleza,https://www.workcenter.es/workcenter-hortaleza?utm_source=google&utm_medium=my-business&utm_campaign=hortaleza
Papelería El Cuarenta y Ocho,http://www.carlin.es/
Muebles de Oficina Sistemas Tormoy S.L.,http://www.sistemastormoy.com/
"ORSAL Distribuidor de mobiliario de oficina, contract y hogar",http://www.orsal.com/
Workcenter Velázquez,https://www.workcenter.es/workcenter-velazquez?utm_source=google&utm_medium=my-business&utm_campaign=velazquez
Ostraka Papelería,http://ostrakapapeleria.com/
Haworth,https://www.haworth.com/eu/es/empresa/contacto.html
Carlin Don Ramón de la Cruz,https://ramondelacruz.carlin.es/
suministros neva imprenta - papelería,http://www.suneva.net/
Papelería Debod,http://www.papeleriadebod.es/
Carlin,http://www.carlin.es/
Taquillas Madrid,http://taquillasmadrid.es/
Papelería Folder Fuencarral - DHL Service Point,https://folder.es/
Radis Equip,https://www.radis-equip.es/
Papelería y bellas artes Raquel,http://www.papeleriaraquel.es/
Carlin Castelló,http://www.carlin.es/
Workcenter,https://www.workcenter.es/workcenter-maria-de-molina?utm_source=google&utm_medium=my-business&utm_campaign=maria-molina
Papelería Folder Hortaleza,http://www.folder.es/
"Prink | Cartuchos, tóner e impresoras - Madrid Atocha",http://www.prink.es/madrid-0963
Workcenter Castellana,https://www.workcenter.es/workcenter-castellana?utm_source=google&utm_medium=my-business&utm_campaign=castellana
Burodécor,http://www.burodecor.es/
Papelería Folder Alcalá 125 -DHL Service Point,http://www.folder.es/
Zwark,https://grupozwark.com/
Volumen Mobiliario - Madrid,https://volumen-mo.com/
Ofiprix Muebles de Oficina,https://www.ofiprix.com/es/muebles-de-oficina-ofiprix-madrid?utm_source=googlemybusiness&utm_medium=organic&utm_campaign=tienda13&utm_content=fichagmb
Likely Tienda de Papelería y Accesorios de Escritorio,"https://www.google.es/storefront/homepage?sfr=compass&lsf=seller:115798205,store:5214345169409978678,s:l&hl=es&gl=es&sts=13"
Euromof S.A. Muebles de oficina,https://euromof.com/contacto/
mobiofic.com,https://www.mobiofic.com/b2c/contactar/1/0
Alfil.be papelería y hobby,http://alfil.be/
La Riva Papeles Especiales,http://www.lariva.com/
Mumeca,http://www.mumeca.es/contacto.html
Papelería - Librería Tetuán,https://www.papeleriatetuan.com/
mdb proyectos de oficinas,http://www.mdb-sl.com/index.php/contactar-con-mdb
El Dedal. Papelería-Librería- Reprografía,https://www.eldedal.net/%20www.libreriaeldedal.com/%20www.libreriaeldedal.es
Sancer Papelería Técnica,http://www.sancer.com/
Workcenter Azca,https://www.workcenter.es/workcenter-azca?utm_source=google&utm_medium=my-business&utm_campaign=azca
Estel Service,https://www.estelservice.com/contacto/
Workcenter San Bernardo,https://www.workcenter.es/workcenter-san-bernardo?utm_source=google&utm_medium=my-business&utm_campaign=san-bernardo
Oficina Ergonómica | Diseño integral de oficinas,http://www.oficinaergonomica.com/
Moobi Store,https://www.moobi.store/
Sumosa,https://www.sumosa.com/contacto/
Gestión Integral de Oficinas S.L.,https://www.gioficinas.es/contacto/
Papelería Losada Librería Artes Gráficas,http://papelerialosada.es/
J. SAN JOSÉ,http://www.jsanjose.es/
Papelería Folder Guzmán el Bueno - DHL Service Point,http://www.folder.es/
RETIF,https://www.retif.es/?utm_source=google&utm_medium=organic&utm_campaign=mybusiness_tienda_madrid
Copysat,http://www.copysat.com/
CARLIN Papelería,http://www.papeleriacarlin.es/
Issa Mobiliario,http://www.issa.ws/
Showroom mute-labs: Cloudworks,http://www.mute-labs.com/
Papelería Berno 1947,https://papeleriaberno.com/
Interstuhl,http://www.interstuhl.es/
"Prink | Cartuchos, tóner e impresoras - Madrid Luchana",https://www.prink.es/madrid-0514
Muebles de oficina | Tecno-Oficinas,https://tecno-oficinas.com/
"Prink | Cartuchos, tóner e impresoras - Madrid Velázquez",http://www.prink.es/madrid-1360
Depapel,http://www.depapel.net/
Abisal Mobiliario de Oficina,https://www.abisalmobiliario.es/
SALMA C.E.E,http://www.salmacee.es/
Serviprint,https://www.serviprint.com/
Muebles de Oficina Madrid,http://instalacionesdeoficina.com/
Workcenter Alcobendas,https://www.workcenter.es/workcenter-alcobendas?utm_source=google&utm_medium=my-business&utm_campaign=alcobendas
MAIN SHOP,http://www.mainshop.es/
Estilográficas Carranza,http://www.estilograficascarranza.es/
Papelería Folder Hermosilla,http://www.folder.es/
VYSUAL PRINTING SHOP Ferraz,http://www.vysualps.es/
Rapid Print,http://www.rapidprintrotulo.es/
Sedus Stoll S.A.,https://www.sedus.com/es/
Workcenter Arturo Soria,https://www.workcenter.es/workcenter-arturo-soria?utm_source=google&utm_medium=my-business&utm_campaign=arturo-soria
Workcenter Marques de Urquijo,https://www.workcenter.es/workcenter-marques-urquijo?utm_source=google&utm_medium=my-business&utm_campaign=marques-urquijo
Workcenter Eloy Gonzalo,https://www.workcenter.es/workcenter-eloy-gonzalo?utm_source=google&utm_medium=my-business&utm_campaign=eloy-gonzalo
Biombos Madrid,http://www.biombos.es/
Estilográficas Sacristán,https://sacristan.com/
Bellas Artes Jeco,https://bellasartesjeco.com/
MEAVO Cabinas Insonorizadas,https://meavo.com/es
"Fernando Becedas, S.L.",http://www.fernandobecedas.com/

