Name,Website,Email,Decision Maker
Vía Office - Material de oficina y mobiliario - Material escolar y mobiliario educativo,https://viaoffice.es/,info@viaoffice.es,Vía Office
"Diseño de oficinas office deco, s.l.",https://www.officedeco.es/solicitud-de-visita/,tecnico@officedeco.es,Francisco Monje
Koff / MillerKnoll Associated Dealer en España,https://koff.es/,info@koff.es,María López Martínez
Folder,https://folder.es/,info@folder.es,
Papelería Rey,http://www.papeleriarey.com/,informacion@papeleriarey.com,Denisse Meza
Triángulo 2000,https://www.t2000.es/content/14-sala-demo-sillas-teletrabajo,info@t2000.es,
HiperOffice elcarmen,https://www.hiperoffice.es/,pedidos@hiperoffice.es,
Comercial Zarabanda,http://www.zarabanda.es/,zarabanda@zarabanda.es,GEMA GONZALEZ MARTIN
Papelarium,http://www.papelarium.es/,info@papelarium.es,Mariana de la Garma
Workcenter Hortaleza,https://www.workcenter.es/workcenter-hortaleza?utm_source=google&utm_medium=my-business&utm_campaign=hortaleza,archivos@workcenter.es,
MilHojas Ecopapelería,https://milhojaseco.es/,ecopapeleria@milhojaseco.es,Isabel Lema
LambdaTres Muebles de Oficina,https://lambdatres.com/showroom/,lambdatres@lambdatres.com,Muebles divertidos y originales
Workcenter Velázquez,https://www.workcenter.es/workcenter-velazquez?utm_source=google&utm_medium=my-business&utm_campaign=velazquez,archivos@workcenter.es,Roberto Delgado
Carlin Don Ramón de la Cruz,https://ramondelacruz.carlin.es/,ramondelacruz@tucarlin.es,Ojany Alexander
Ostraka Papelería,http://ostrakapapeleria.com/,ostrakapapeleria@gmail.com,Adrián Rouco
Papelería Folder Fuencarral - DHL Service Point,https://folder.es/,info@folder.es,Mapa de tiendas
"ORSAL Distribuidor de mobiliario de oficina, contract y hogar",http://www.orsal.com/,info@orsal.com,
Papelería Debod,http://www.papeleriadebod.es/,contacta@papeleriadebod.es,
Workcenter,https://www.workcenter.es/workcenter-maria-de-molina?utm_source=google&utm_medium=my-business&utm_campaign=maria-molina,archivos@workcenter.es,Roberto Delgado
Taquillas Madrid,http://taquillasmadrid.es/,ana@issa.ws,Fernando Garcia Saez
Folder Papelerías,http://www.folder.es/,info@folder.es,Cristian Cid
Radis Equip,https://www.radis-equip.es/,radis@radis-equip.com,Franklin Luis
Workcenter Castellana,https://www.workcenter.es/workcenter-castellana?utm_source=google&utm_medium=my-business&utm_campaign=castellana,archivos@workcenter.es,Roberto Delgado
"Prink | Cartuchos, tóner e impresoras - Madrid Atocha",http://www.prink.es/madrid-0963,prinkatocha@gmail.com,Prink
Zwark,https://grupozwark.com/,diego@grupozwark.com,
Volumen Mobiliario - Madrid,https://volumen-mo.com/,info@volumen-mo.com,Volumen Mobiliario
Burodécor,http://www.burodecor.es/,burodecor@burodecor.es,Juan José Zamarra Díaz
Ofiprix Muebles de Oficina,https://www.ofiprix.com/es/muebles-de-oficina-ofiprix-madrid?utm_source=googlemybusiness&utm_medium=organic&utm_campaign=tienda13&utm_content=fichagmb,info@ofiprix.com,José Cortés
mobiofic.com,https://www.mobiofic.com/b2c/contactar/1/0,mobiofic@mobiofic.com,
Euromof S.A. Muebles de oficina,https://euromof.com/contacto/,euromof@euromof.com,EUROMOF
Mumeca,http://www.mumeca.es/contacto.html,info@mumeca.es,José María Conde Mínguez
La Riva Papeles Especiales,http://www.lariva.com/,consultas@cartulinaslariva.es,
mdb proyectos de oficinas,http://www.mdb-sl.com/index.php/contactar-con-mdb,mbaeza@mdb-sl.com,maria dolores Mbaeza
Alfil.be papelería y hobby,http://alfil.be/,info@alfil.be,
Workcenter Azca,https://www.workcenter.es/workcenter-azca?utm_source=google&utm_medium=my-business&utm_campaign=azca,archivos@workcenter.es,
Papelería - Librería Tetuán,https://www.papeleriatetuan.com/,papeleria@papeleriatetuan.com,Raquel Rodriguez
Workcenter San Bernardo,https://www.workcenter.es/workcenter-san-bernardo?utm_source=google&utm_medium=my-business&utm_campaign=san-bernardo,archivos@workcenter.es,steffany da corte
Oficina Ergonómica | Diseño integral de oficinas,http://www.oficinaergonomica.com/,info@oficinaergonomica.com,
Papelería Losada Librería Artes Gráficas,http://papelerialosada.es/,papellosada@papelerialosada.com,Quiénes somos
J. SAN JOSÉ,http://www.jsanjose.es/,jsanjose@jsanjose.es,Jose Maria San Jose Juarez
Sancer Papelería Técnica,http://www.sancer.com/,hola@miempresa.es,
Issa Mobiliario,http://www.issa.ws/,ana@issa.ws,Yosef Yosef
Issa Mobiliario,http://www.issa.ws/,ana@issa.ws,Yosef Yosef
Folder Papelerías Cea Bermúdez,http://www.folder.es/,info@folder.es,Mapa de tiendas
Showroom mute-labs: Cloudworks,http://www.mute-labs.com/,info@mute-labs.de,
Folder Papelerías -Castellana,http://www.folder.es/,info@folder.es,Cristian Cid
Issa Mobiliario,http://www.issa.ws/,ana@issa.ws,Yosef Yosef
Gestión Integral de Oficinas S.L.,https://www.gioficinas.es/contacto/,comercial@giosl.com,Mamen Martínez
Papelería Folder Hortaleza,http://www.folder.es/,info@folder.es,Mapa de tiendas
Issa Mobiliario,http://www.issa.ws/,ana@issa.ws,Yosef Yosef
Papelería Folder Alcalá 125 -DHL Service Point,http://www.folder.es/,info@folder.es,
Issa Mobiliario,http://www.issa.ws/,ana@issa.ws,Yosef Yosef
CARLIN Papelería,http://www.papeleriacarlin.es/,carlinfuenlabradaln@gmail.com,Olga Miro
Issa Mobiliario,http://www.issa.ws/,ana@issa.ws,Yosef Yosef
Issa Mobiliario,http://www.issa.ws/,ana@issa.ws,Yosef Yosef
Issa Mobiliario,http://www.issa.ws/,ana@issa.ws,Yosef Yosef
Papelería Folder Guzmán el Bueno - DHL Service Point,http://www.folder.es/,info@folder.es,Mapa de tiendas
Issa Mobiliario,http://www.issa.ws/,ana@issa.ws,Yosef Yosef
Muebles de oficina | Tecno-Oficinas,https://tecno-oficinas.com/,tiendaonline@tecno-oficinas.com,Mobiliario de oficina en Barcelona
SALMA C.E.E,http://www.salmacee.es/,info@salmacee.es,
"Prink | Cartuchos, tóner e impresoras - Madrid Luchana",https://www.prink.es/madrid-0514,luchanamadrid@prink.es,Prink Luchana Madrid
Serviprint,https://www.serviprint.com/,serviprint@serviprint.com,Jean Louis Antoine
Workcenter Alcobendas,https://www.workcenter.es/workcenter-alcobendas?utm_source=google&utm_medium=my-business&utm_campaign=alcobendas,archivos@workcenter.es,Raúl Luque Castro
Abisal Mobiliario de Oficina,https://www.abisalmobiliario.es/,mobiofi@mobiofi.com,Cristina Iusan
Muebles de Oficina Madrid,http://instalacionesdeoficina.com/,ana@issa.ws,Proyectos
Interstuhl,http://www.interstuhl.es/,info@interstuhl.es,Rafael Guillen
Sedus Stoll S.A.,https://www.sedus.com/es/,sedus@sedus.com,Miguel Garcia Lima
MAIN SHOP,http://www.mainshop.es/,correo@electronico.com,Maia Shop
Depapel,http://www.depapel.net/,info@depapel.net,Francisco Montilla
Biombos Madrid,http://www.biombos.es/,ana@biombos.es,Biombo Decoracion
VYSUAL PRINTING SHOP Ferraz,http://www.vysualps.es/,odonnell@vysualps.es,
Workcenter Arturo Soria,https://www.workcenter.es/workcenter-arturo-soria?utm_source=google&utm_medium=my-business&utm_campaign=arturo-soria,archivos@workcenter.es,Envíos DHL
Estilográficas Sacristán,https://sacristan.com/,sacristan@sacristan.com,Patricia Zambrano Ecija
Rapid Print,http://www.rapidprintrotulo.es/,publicidadrapidprint@gmail.com,Michael Nicholas
"Prink | Cartuchos, tóner e impresoras - Madrid Velázquez",http://www.prink.es/madrid-1360,velazquez@prink.es,Mattia Rossi
Workcenter Marques de Urquijo,https://www.workcenter.es/workcenter-marques-urquijo?utm_source=google&utm_medium=my-business&utm_campaign=marques-urquijo,archivos@workcenter.es,Envíos DHL
Papelería Folder Hermosilla,http://www.folder.es/,info@folder.es,Mapa de tiendas
Bellas Artes Jeco,https://bellasartesjeco.com/,pedidos@bellasartesjeco.com,Jeco Bellas Artes
Workcenter Eloy Gonzalo,https://www.workcenter.es/workcenter-eloy-gonzalo?utm_source=google&utm_medium=my-business&utm_campaign=eloy-gonzalo,archivos@workcenter.es,Robert Alzolay Bustos
MEAVO Cabinas Insonorizadas,https://meavo.com/es,hallo@meavo.com,
